{
  "GoToHome_SendCom" : {
    "transaction" : "GoToHome_SendCom",
    "sampleCount" : 368,
    "errorCount" : 0,
    "errorPct" : 0.0,
    "meanResTime" : 11.516304347826079,
    "medianResTime" : 11.0,
    "minResTime" : 4.0,
    "maxResTime" : 54.0,
    "pct1ResTime" : 18.0,
    "pct2ResTime" : 19.0,
    "pct3ResTime" : 25.24000000000001,
    "throughput" : 1.0142490973734255,
    "receivedKBytesPerSec" : 22.412527905630736,
    "sentKBytesPerSec" : 0.45958162224733345
  },
  "GoToGuestBook_ClearBook" : {
    "transaction" : "GoToGuestBook_ClearBook",
    "sampleCount" : 5,
    "errorCount" : 0,
    "errorPct" : 0.0,
    "meanResTime" : 5.2,
    "medianResTime" : 5.0,
    "minResTime" : 4.0,
    "maxResTime" : 6.0,
    "pct1ResTime" : 6.0,
    "pct2ResTime" : 6.0,
    "pct3ResTime" : 6.0,
    "throughput" : 0.015624707036743062,
    "receivedKBytesPerSec" : 0.06274296419442137,
    "sentKBytesPerSec" : 0.007171496393817617
  },
  "PostComent_SendCom" : {
    "transaction" : "PostComent_SendCom",
    "sampleCount" : 360,
    "errorCount" : 0,
    "errorPct" : 0.0,
    "meanResTime" : 12.43611111111111,
    "medianResTime" : 5.0,
    "minResTime" : 3.0,
    "maxResTime" : 164.0,
    "pct1ResTime" : 25.700000000000443,
    "pct2ResTime" : 71.84999999999997,
    "pct3ResTime" : 136.81999999999948,
    "throughput" : 1.0748996013913978,
    "receivedKBytesPerSec" : 0.2876196199035576,
    "sentKBytesPerSec" : 0.8414127698445873
  },
  "GetGuestBook_SendCom" : {
    "transaction" : "GetGuestBook_SendCom",
    "sampleCount" : 360,
    "errorCount" : 0,
    "errorPct" : 0.0,
    "meanResTime" : 10.361111111111112,
    "medianResTime" : 5.0,
    "minResTime" : 2.0,
    "maxResTime" : 121.0,
    "pct1ResTime" : 21.0,
    "pct2ResTime" : 63.64999999999992,
    "pct3ResTime" : 90.77999999999997,
    "throughput" : 1.0748963919311112,
    "receivedKBytesPerSec" : 5.4349594609170655,
    "sentKBytesPerSec" : 0.33695482598621745
  },
  "GoToGuestBook_SendCom" : {
    "transaction" : "GoToGuestBook_SendCom",
    "sampleCount" : 360,
    "errorCount" : 0,
    "errorPct" : 0.0,
    "meanResTime" : 10.10833333333332,
    "medianResTime" : 9.0,
    "minResTime" : 3.0,
    "maxResTime" : 32.0,
    "pct1ResTime" : 16.0,
    "pct2ResTime" : 18.0,
    "pct3ResTime" : 21.389999999999986,
    "throughput" : 1.0748771355718645,
    "receivedKBytesPerSec" : 4.316303497530768,
    "sentKBytesPerSec" : 0.49335181027224245
  },
  "GetGuestBook__ClearBook" : {
    "transaction" : "GetGuestBook__ClearBook",
    "sampleCount" : 5,
    "errorCount" : 0,
    "errorPct" : 0.0,
    "meanResTime" : 9.4,
    "medianResTime" : 5.0,
    "minResTime" : 3.0,
    "maxResTime" : 24.0,
    "pct1ResTime" : 24.0,
    "pct2ResTime" : 24.0,
    "pct3ResTime" : 24.0,
    "throughput" : 0.015623828212884033,
    "receivedKBytesPerSec" : 0.167730340146364,
    "sentKBytesPerSec" : 0.004897703961265405
  },
  "Update_SendCom" : {
    "transaction" : "Update_SendCom",
    "sampleCount" : 338,
    "errorCount" : 16,
    "errorPct" : 4.733728,
    "meanResTime" : 11.547337278106497,
    "medianResTime" : 5.0,
    "minResTime" : 2.0,
    "maxResTime" : 135.0,
    "pct1ResTime" : 29.100000000000023,
    "pct2ResTime" : 55.0,
    "pct3ResTime" : 104.61000000000001,
    "throughput" : 1.0152223276825298,
    "receivedKBytesPerSec" : 8.296088099446733,
    "sentKBytesPerSec" : 0.3331198262708301
  },
  "Total" : {
    "transaction" : "Total",
    "sampleCount" : 2165,
    "errorCount" : 16,
    "errorPct" : 0.73903,
    "meanResTime" : 11.473441108545035,
    "medianResTime" : 7.0,
    "minResTime" : 2.0,
    "maxResTime" : 174.0,
    "pct1ResTime" : 17.40000000000009,
    "pct2ResTime" : 29.0,
    "pct3ResTime" : 94.72000000000116,
    "throughput" : 5.966899554894098,
    "receivedKBytesPerSec" : 45.743378748260234,
    "sentKBytesPerSec" : 2.776744250141249
  },
  "DELETE FROM BOOK" : {
    "transaction" : "DELETE FROM BOOK",
    "sampleCount" : 4,
    "errorCount" : 0,
    "errorPct" : 0.0,
    "meanResTime" : 52.25,
    "medianResTime" : 12.0,
    "minResTime" : 11.0,
    "maxResTime" : 174.0,
    "pct1ResTime" : 174.0,
    "pct2ResTime" : 174.0,
    "pct3ResTime" : 174.0,
    "throughput" : 0.01666680555671297,
    "receivedKBytesPerSec" : 1.668308173401445E-4,
    "sentKBytesPerSec" : 0.0
  },
  "GoToClient_SendCom" : {
    "transaction" : "GoToClient_SendCom",
    "sampleCount" : 360,
    "errorCount" : 0,
    "errorPct" : 0.0,
    "meanResTime" : 12.475000000000003,
    "medianResTime" : 12.0,
    "minResTime" : 4.0,
    "maxResTime" : 33.0,
    "pct1ResTime" : 18.0,
    "pct2ResTime" : 19.0,
    "pct3ResTime" : 27.16999999999996,
    "throughput" : 1.0748161616523506,
    "receivedKBytesPerSec" : 6.439450343493332,
    "sentKBytesPerSec" : 0.4891253235644487
  },
  "GoToHome_ClearBook" : {
    "transaction" : "GoToHome_ClearBook",
    "sampleCount" : 5,
    "errorCount" : 0,
    "errorPct" : 0.0,
    "meanResTime" : 16.0,
    "medianResTime" : 7.0,
    "minResTime" : 5.0,
    "maxResTime" : 54.0,
    "pct1ResTime" : 54.0,
    "pct2ResTime" : 54.0,
    "pct3ResTime" : 54.0,
    "throughput" : 0.01563276753136715,
    "receivedKBytesPerSec" : 0.3454475231443123,
    "sentKBytesPerSec" : 0.0070835977876507385
  }
}